V.Smile	aladdin	Disney's Aladdin - Aladdin's Wonders of the World (USA)
V.Smile	alphaprkuk	Alphabet Park Adventure (UK)
V.Smile	alphaprkger3	Abenteuer im ABC Park (Germany, rev. 3)
V.Smile	backyardig	Nick Jr The Backyardigans - Viking Voyage (USA)
V.Smile	batmanit	The Batman - Il Salvataggio di Gotham City (Italy)
V.Smile	bobbdayger104	Bob der Baumeister - Bobs spannender Arbeitstag (Germany, rev. 104)
V.Smile	carsuka	Disney/Pixar Cars - Rev It Up in Radiator Springs (UK, alt)
V.Smile	carsit	Disney-Pixar Cars - Motori Ruggenti a Radiator Springs (Italy)
V.Smile	cinderlaa	Disney Princess Cinderella - Cinderella's Magic Wishes (USA, alt)
V.Smile	cinderlaspr122	Walt Disney La Cenicienta - Los sueños mágicos de Cenicienta (Spain, rev. 122)
V.Smile	cinderlaspr222	Walt Disney La Cenicienta - Los sueños mágicos de Cenicienta (Spain, rev. 222)
V.Smile	cinderlager204	Disney's Princess Cinderella - Lernen im Märchenland (Germany, rev. 204)
V.Smile	doraukr103	Nick Jr. Dora the Explorer - Dora's Fix-it Adventure (UK, rev. 103, 2007)
V.Smile	dorauk	Nick Jr. Dora the Explorer - Dora's Fix-it Adventure (UK, 2005)
V.Smile	doraspr222	Nick Jr. Dora La Exploradora - La Aventura arregla-todo de Dora (Spain, rev. 222)
V.Smile	elmo	Elmo's World - Elmo's Big Discoveries (USA)
V.Smile	lionkingger2	Der Koenig der Loewen - Simbas großes Abenteuer (Germany, rev. 2?)
V.Smile	lbratz	Lil' Bratz Dressed Up - Friends, Fashion and Fun (USA)
V.Smile	mickymag	Disney's Mickey Mouse - Mickey's Magical Adventure (USA)
V.Smile	mickymaguk	Disney's Mickey Mouse - Mickey's Magical Adventure (UK)
V.Smile	mickymagsp	Disney Mickey - La Aventura Mágica de Mickey (Spain)
V.Smile	mypuppyfr	Mon Toutou tout fou! (France)
V.Smile	noddypt	Noddy - Detective Por um Dia (Portugal)
V.Smile	upspr022	Disney/Pixar Up (Spain, rev. 022)
V.Smile	ratat	Disney/Pixar Ratatouille - Remy's New Recipes (USA)
V.Smile	scoobydonl	Scooby-Doo! - Griezelen in het Pretpark (Netherlands)
V.Smile	scoobydosp	Scooby-Doo - Misterio en el Parque (Spain)
V.Smile	scoobydosptb	Scooby-Doo - Misterio En El Parque (Spain, translucent blue cartridge)
V.Smile	erniebrt	Bert & Ernie's Imagination Adventure (USA)
V.Smile	shrek3ge	DreamWorks Shrek der Dritte - Ein Spannender Schultag (Germany)
V.Smile	shrek	DreamWorks Shrek - Dragon's Tale (USA)
V.Smile	soccerchsp	Campeonato de Futbol V.Smile (Spain)
V.Smile	spiderdocsp	Spider-Man y Amigos - La Aventura Del Doctor Octopus (Spain)
V.Smile	spidermisuk	Marvel Spider-Man & Friends - Secret Missions (UK)
V.Smile	spidermissp	Spider-Man y Amigos - Misiones Secretas (Spain)
V.Smile	spidermisspr222	Spider-Man y Amigos - Misiones Secretas (Spain, rev. 222)
V.Smile	spongebsp	Nickelodeon Bob Esponja - Un día en la vida de una esponja (Spain)
V.Smile	supermannl	Superman - De Grootste Held (Netherlands)
V.Smile	supermansp	Superman - El Hombre de Acero (Spain)
V.Smile	toystor2	Disney/Pixar Toy Story 2 - Operation: Rescue Woody! (USA)
V.Smile	toystor2sp	Disney/Pixar Toy Story 2 - El Rescate De Woody (Spain)
V.Smile	wallesp	Disney/Pixar Wall-E (Spain)
V.Smile	poohnlr123	Disney's Winnie de Poeh - De wonderwereld van Poeh (Netherlands)
V.Smile	poohuk	Disney's Winnie the Pooh - The Honey Hunt (UK)
V.Smile	poohukr103	Disney's Winnie the Pooh - The Honey Hunt (UK, rev. 103)
V.Smile	poohsp	Disney Winnie the Pooh - En Busca de la Miel (Spain)
V.Smile	poohspr122	Disney Winnie the Pooh - En Busca de la Miel (Spain, rev. 122)
V.Smile	techartsp	V.Smile Estudio De Arte (Spain)
V.Smile	wkwheelge	Flitzers Schlaue Städtetour (Germany)
V.Smile	wkwheelsp	Conducción Divertida (Spain)
V.Smile	zayzaeasp	Zayzoo - Mi Amiga del Espacio (Spain)
V.Smile Motion	actnmniamnl	Sport Games (Netherlands)
V.Smile Motion	actnmniamge	Sportskanone (Germany)
V.Smile Motion	actnmniamsp	Action Manía (Spain)
V.Smile Motion	carsmge	Disney/Pixar Cars - Vollgas in Radiator Springs (Germany)
V.Smile Motion	carsmsp	Disney/Pixar Cars - Acelera el Motor en Radiador Springs (Spain)
V.Smile Motion	cars2mfr	Disney/Pixar Cars 2 (France)
V.Smile Motion	cinderlamge2	Disneys Princess Cinderella - Lernen im Märchenland (Germany, rev. 2?)
V.Smile Motion	doramg2	Nick Dora - Doras Reparatur-Abenteuer (Germany, rev. 2)
V.Smile Motion	ltleinstnmg2	Disney's Kleine Einsteins (Germany, rev. 2?)
V.Smile Motion	mickeychmge	Disney Micky Maus Wunderhaus (Germany)
V.Smile Motion	mickeychmsp	Disney La Casa de Mickey Mouse (Spain)
V.Smile Motion	monvsalienmge	DreamWorks Monsters vs. Aliens (Germany)
V.Smile Motion	monvsalienmsp	DreamWorks Monstruos contra Alienígenas (Spain)
V.Smile Motion	mypuppymnl	Mijn Puppy! (Netherlands)
V.Smile Motion	mypuppymge	Mein erster Hund (Germany)
V.Smile Motion	poohmsp	Disney Winnie the Pooh - En busca de la miel (Spain)
V.Smile Motion	prinfrogmuk	Disney Princess - The Princess and the Frog - Tiana's Big Dream (UK)
V.Smile Motion	prinfrogmge	Disney Princess - Disney Küss den Frosch - Tianas großer Traum (Germany)
V.Smile Motion	scoobyffmsp	¡¡Scooby-Doo!! - Misterio en el parque (Spain)
V.Smile Motion	snowparkcge	Wintersport (Germany)
V.Smile Motion	soccerchmge	Fußball Meisterschaft (Germany)
V.Smile Motion	spidermnmge	Marvel Spider-Man & Freunde - Geheime Missionen (Germany)
V.Smile Motion	spongebmge	Nickelodeon SpongeBob Schwammkopf - Der Tag des Schwamms (Germany)
V.Smile Motion	thomasmge	Thomas - Freunde halten zusammen (Germany)
V.Smile Motion	toystor3mfr	Disney/Pixar Toy Story 3 (France)
V.Smile Motion	toystor3msp	Disney/Pixar Toy Story 3 (Spain)
V.Smile Motion	upmsp	Disney/Pixar UP (Spain)
V.Smile Motion	wallemge	Disney/Pixar Wall-E (Germany)
V.Smile Motion	wallemsp	Disney/Pixar Wall-E (Spain)
V.Smile Motion	wonderpetmuk	Nickelodeon Wonder Pets! - Save the Animals! (UK)