ROMS/Spider-Man & Ses Amis - Missions Secretes (France).bin	666	page 2bpp
ROMS/Les Grandes Decouvertes D'Elmo (France).bin	666	page 2bpp
ROMS/Care Bears - A Lesson in Caring (FR).bin	672	page 8bpp; sprite 8bpp
ROMS/Min Hundvalp (Sweden).bin	690	sprite 8bpp
ROMS/Shrek the Third - Arthur's School Day Adventure (USA).bin	720	blendlevel=1; blendlevel=3; page blend
ROMS/Shrek the Third - Arthur_s School Day Adventure (Europe) (En-GB).bin	720	blendlevel=1; blendlevel=3
ROMS/Shrek de Derde - Arthurs Schooldag Avontuur (Netherlands).bin	696	page blend
ROMS/Spongebob - Un giorno da Spugna (Italy).bin	704	page rowscroll
ROMS/Spongebob Schwammkopf - Der Tag des Schwamms (Germany) (Rev 1).bin	704	page rowscroll
ROMS/Winnie l'Ourson - La Chasse au Miel de Winnie (France).bin	965	page tile 64x64
ROMS/Nalle Puh - Honungsjakten (Sweden).bin	965	page tile 64x64
ROMS/Toy Story 2 - Woodys Spannende Rettung (Germany).bin	965	page tile 64x32
ROMS/Toy Story 2 - Operazione - Salvataggio di Woody (Italy).bin	965	page tile 64x32
