ROMS/Apprenti' Pilote (France).bin	923	fade used; page tile 8x8
ROMS/Dora_s Reparatie Avontuur (NL) (2005).bin	1987	page rowscroll; page tile 32x64
ROMS/Freds Zahlen Rallye (Germany).bin	923	fade used; page tile 8x8
ROMS/Den Lille Havfrue - Ariels Majestaetiske Rejse! (Denmark).bin	1057	page rowscroll
ROMS/Micky - Mickys Magisches Abenteuer (Germany).bin	874	page tile 64x16
ROMS/Musse Pigg - Musses Magiska Aeventyr (Sweden).bin	874	page tile 64x16
ROMS/Toy Story 2 - Operation-Raedda Woody! (Sweden).bin	965	page tile 64x32
ROMS/Dora the Explorer - Dora's Fix-It Adventure (USA).bin	1806	page tile 32x64
ROMS/Toy Story 2 - Operation - Rescue Woody! (Europe) (En-GB).bin	965	page tile 64x32
ROMS/Spider-Man & Ses Amis - Missions Secretes (France).bin	666	page 2bpp
ROMS/Les Grandes Decouvertes D'Elmo (France).bin	666	page 2bpp
ROMS/Care Bears - A Lesson in Caring (FR).bin	672	page 8bpp; sprite 8bpp
ROMS/Min Hundvalp (Sweden).bin	690	sprite 8bpp
ROMS/Shrek the Third - Arthur's School Day Adventure (USA).bin	720	blendlevel=1; blendlevel=3; page blend
ROMS/Shrek the Third - Arthur_s School Day Adventure (Europe) (En-GB).bin	720	blendlevel=1; blendlevel=3
ROMS/Shrek de Derde - Arthurs Schooldag Avontuur (Netherlands).bin	696	page blend
ROMS/Spongebob - Un giorno da Spugna (Italy).bin	704	page rowscroll
ROMS/Spongebob Schwammkopf - Der Tag des Schwamms (Germany) (Rev 1).bin	704	page rowscroll
ROMS/Winnie l'Ourson - La Chasse au Miel de Winnie (France).bin	965	page tile 64x64
ROMS/Nalle Puh - Honungsjakten (Sweden).bin	965	page tile 64x64
ROMS/Toy Story 2 - Woodys Spannende Rettung (Germany).bin	965	page tile 64x32
ROMS/Toy Story 2 - Operazione - Salvataggio di Woody (Italy).bin	965	page tile 64x32
