ROMS/V.Smile Gimnasio Interactivo (Spain).bin	5442	blendlevel=1; page 2bpp; page 8bpp; page blend; sprite 8bpp
ROMS/Vsmile Tapis Multisport (FR).bin	5443	blendlevel=1; page 2bpp; page 8bpp; page blend; sprite 8bpp
ROMS/Winnie the Pooh e la caccia al miele (Italy).bin	5022	blendlevel=3; page tile 64x64
ROMS/Winnie Rourson - La Chasse Du Miel De Winnie (France) (Rev 2).bin	5039	blendlevel=3; page tile 64x64
ROMS/Apprenti' Pilote (France).bin	923	fade used; page tile 8x8
ROMS/Dora_s Reparatie Avontuur (NL) (2005).bin	1987	page rowscroll; page tile 32x64
ROMS/Freds Zahlen Rallye (Germany).bin	923	fade used; page tile 8x8
ROMS/Den Lille Havfrue - Ariels Majestaetiske Rejse! (Denmark).bin	1057	page rowscroll
ROMS/Micky - Mickys Magisches Abenteuer (Germany).bin	874	page tile 64x16
ROMS/Musse Pigg - Musses Magiska Aeventyr (Sweden).bin	874	page tile 64x16
ROMS/Toy Story 2 - Operation-Raedda Woody! (Sweden).bin	965	page tile 64x32
ROMS/Dora the Explorer - Dora's Fix-It Adventure (USA).bin	1806	page tile 32x64
ROMS/Toy Story 2 - Operation - Rescue Woody! (Europe) (En-GB).bin	965	page tile 64x32
